{
    "$schema":"https://schema.management.azure.com/schemas/2015-01-01/deploymentTemplate.json#",
    "contentVersion":"1.0.0.0",
    "resources": [
      {
        "type": "Microsoft.Resources/deployments",
        "apiVersion": "2018-05-01",
        "name": "linkedTemplate1",
        "properties": {
          "mode": "Incremental",
          "templateLink": {
            "uri":"https://sreearmtemplates.blob.core.windows.net/templates/nested1.json",
            "contentVersion":"1.0.0.0"
          }
        }
      },
       {
        "type": "Microsoft.Resources/deployments",
        "apiVersion": "2018-05-01",
        "name": "linkedTemplate2",
        "properties": {
          "mode": "Incremental",
          "templateLink": {
            "uri":"https://sreearmtemplates.blob.core.windows.net/templates/nested2.json",
            "contentVersion":"1.0.0.0"
          }
        }
      },
       {
        "type": "Microsoft.Resources/deployments",
        "apiVersion": "2018-05-01",
        "name": "linkedTemplate3",
        "properties": {
          "mode": "Incremental",
          "templateLink": {
            "uri":"https://sreearmtemplates.blob.core.windows.net/templates/nested3.json",
            "contentVersion":"1.0.0.0"
          }
        }
      }
    ]
    }